[[{"__type__":"cc.SceneAsset","_name":"game","scene":{"__id__":1},"asyncLoadAssets":null},{"__type__":"cc.Scene","_name":"New Node","_children":[{"__id__":2}],"_active":false,"_anchorPoint":{"__type__":"cc.Vec2"},"_trs":{"__type__":"TypedArray","ctor":"Float64Array","array":[0,0,0,0,0,0,1,1,1,1]},"autoReleaseAssets":false},{"__type__":"cc.Node","_name":"Canvas","_parent":{"__id__":1},"_children":[{"__id__":3},{"__id__":4},{"__id__":5},{"__id__":61},{"__id__":56},{"__id__":75},{"__id__":68}],"_components":[{"__type__":"cc.Canvas","node":{"__id__":2},"_designResolution":{"__type__":"cc.Size","width":768,"height":1366}},{"__type__":"cc.Widget","node":{"__id__":2},"_alignFlags":45}],"_contentSize":{"__type__":"cc.Size","width":768,"height":1366},"_trs":{"__type__":"TypedArray","ctor":"Float64Array","array":[384,683,0,0,0,0,1,1,1,1]},"_id":"fcyRJFKTlOmKIlimksv5wb"},{"__type__":"cc.Node","_name":"Main Camera","_parent":{"__id__":2},"_components":[{"__type__":"cc.Camera","node":{"__id__":3},"_clearFlags":7,"_depth":-1}],"_trs":{"__type__":"TypedArray","ctor":"Float64Array","array":[0,0,363.73066958946424,0,0,0,1,1,1,1]}},{"__type__":"cc.Node","_name":"background","_parent":{"__id__":2},"_components":[{"__type__":"cc.Sprite","node":{"__id__":4},"_materials":[{"__uuid__":"ecpdLyjvZBwrvm+cedCcQy"}],"_spriteFrame":{"__uuid__":"a2MjXRFdtLlYQ5ouAFv/+R"},"_sizeMode":0},{"__type__":"cc.Widget","node":{"__id__":4},"_alignFlags":45,"_originalWidth":2,"_originalHeight":2}],"_color":{"__type__":"cc.Color","r":250,"g":248,"b":239},"_contentSize":{"__type__":"cc.Size","width":768,"height":1366},"_trs":{"__type__":"TypedArray","ctor":"Float64Array","array":[0,0,0,0,0,0,1,1,1,1]}},{"__type__":"cc.Node","_name":"board","_parent":{"__id__":2},"_children":[{"__id__":6}],"_components":[{"__type__":"cc.Sprite","node":{"__id__":5},"_materials":[{"__uuid__":"ecpdLyjvZBwrvm+cedCcQy"}],"_spriteFrame":{"__uuid__":"c7cnx7DjZByrIlSBbdOC2+"},"_sizeMode":0},{"__type__":"60929/KDbBAT6vP2heIoKpg","node":{"__id__":5},"pfCell":{"__uuid__":"43spsBMDxFCprJEsWsNCij"},"placeHolder":{"__id__":6},"game":{"__id__":55}},{"__type__":"cc.Layout","node":{"__id__":5},"_enabled":false,"_N$layoutType":3,"_N$paddingLeft":30,"_N$paddingRight":30,"_N$paddingTop":30,"_N$paddingBottom":30,"_N$spacingX":20,"_N$spacingY":20}],"_contentSize":{"__type__":"cc.Size","width":600,"height":600},"_trs":{"__type__":"TypedArray","ctor":"Float64Array","array":[0,-163.721,0,0,0,0,1,1,1,1]}},{"__type__":"cc.Node","_name":"placeHolder","_parent":{"__id__":5},"_children":[{"__id__":7},{"__id__":10},{"__id__":13},{"__id__":16},{"__id__":19},{"__id__":22},{"__id__":25},{"__id__":28},{"__id__":31},{"__id__":34},{"__id__":37},{"__id__":40},{"__id__":43},{"__id__":46},{"__id__":49},{"__id__":52}],"_components":[{"__type__":"cc.Layout","node":{"__id__":6},"_layoutSize":{"__type__":"cc.Size","width":600,"height":600},"_N$layoutType":3,"_N$paddingLeft":30,"_N$paddingRight":30,"_N$paddingTop":30,"_N$paddingBottom":30,"_N$spacingX":20,"_N$spacingY":20},{"__type__":"cc.Widget","node":{"__id__":6},"_alignFlags":45,"_originalWidth":600,"_originalHeight":500}],"_contentSize":{"__type__":"cc.Size","width":600,"height":600},"_trs":{"__type__":"TypedArray","ctor":"Float64Array","array":[0,0,0,0,0,0,1,1,1,1]}},{"__type__":"cc.Node","_name":"cell","_parent":{"__id__":6},"_children":[{"__id__":8}],"_components":[{"__type__":"cc.Sprite","node":{"__id__":7},"_materials":[{"__uuid__":"ecpdLyjvZBwrvm+cedCcQy"}],"_spriteFrame":{"__uuid__":"b1h1cRkdxHGLghP8ScMPs2"},"_sizeMode":0},{"__type__":"6335b1/D2FE0ITs9WYrDaOe","node":{"__id__":7},"label":{"__id__":9}}],"_prefab":{"__type__":"cc.PrefabInfo","root":{"__id__":7},"asset":{"__uuid__":"43spsBMDxFCprJEsWsNCij"},"fileId":"f2ysnlLD9JNruNRHbZuMri"},"_color":{"__type__":"cc.Color","r":162,"g":146,"b":131},"_contentSize":{"__type__":"cc.Size","width":120,"height":120},"_trs":{"__type__":"TypedArray","ctor":"Float64Array","array":[-210,210,0,0,0,0,1,1,1,1]}},{"__type__":"cc.Node","_name":"no","_parent":{"__id__":7},"_components":[{"__id__":9}],"_prefab":{"__type__":"cc.PrefabInfo","root":{"__id__":7},"asset":{"__uuid__":"43spsBMDxFCprJEsWsNCij"},"fileId":"6dkP7EOX9Ns5ApQwMtUk7d"},"_color":{"__type__":"cc.Color","r":71,"g":71,"b":58},"_contentSize":{"__type__":"cc.Size","height":50.4},"_trs":{"__type__":"TypedArray","ctor":"Float64Array","array":[0,0,0,0,0,0,1,1,1,1]}},{"__type__":"cc.Label","node":{"__id__":8},"_materials":[{"__uuid__":"ecpdLyjvZBwrvm+cedCcQy"}],"_useOriginalSize":false,"_N$horizontalAlign":1,"_N$verticalAlign":1},{"__type__":"cc.Node","_name":"cell copy","_parent":{"__id__":6},"_children":[{"__id__":11}],"_components":[{"__type__":"cc.Sprite","node":{"__id__":10},"_materials":[{"__uuid__":"ecpdLyjvZBwrvm+cedCcQy"}],"_spriteFrame":{"__uuid__":"b1h1cRkdxHGLghP8ScMPs2"},"_sizeMode":0},{"__type__":"6335b1/D2FE0ITs9WYrDaOe","node":{"__id__":10},"label":{"__id__":12}}],"_prefab":{"__type__":"cc.PrefabInfo","root":{"__id__":10},"asset":{"__uuid__":"43spsBMDxFCprJEsWsNCij"},"fileId":"f2ysnlLD9JNruNRHbZuMri"},"_color":{"__type__":"cc.Color","r":162,"g":146,"b":131},"_contentSize":{"__type__":"cc.Size","width":120,"height":120},"_trs":{"__type__":"TypedArray","ctor":"Float64Array","array":[-70,210,0,0,0,0,1,1,1,1]}},{"__type__":"cc.Node","_name":"no","_parent":{"__id__":10},"_components":[{"__id__":12}],"_prefab":{"__type__":"cc.PrefabInfo","root":{"__id__":10},"asset":{"__uuid__":"43spsBMDxFCprJEsWsNCij"},"fileId":"6dkP7EOX9Ns5ApQwMtUk7d"},"_color":{"__type__":"cc.Color","r":71,"g":71,"b":58},"_contentSize":{"__type__":"cc.Size","height":50.4},"_trs":{"__type__":"TypedArray","ctor":"Float64Array","array":[0,0,0,0,0,0,1,1,1,1]}},{"__type__":"cc.Label","node":{"__id__":11},"_materials":[{"__uuid__":"ecpdLyjvZBwrvm+cedCcQy"}],"_useOriginalSize":false,"_N$horizontalAlign":1,"_N$verticalAlign":1},{"__type__":"cc.Node","_name":"cell copy","_parent":{"__id__":6},"_children":[{"__id__":14}],"_components":[{"__type__":"cc.Sprite","node":{"__id__":13},"_materials":[{"__uuid__":"ecpdLyjvZBwrvm+cedCcQy"}],"_spriteFrame":{"__uuid__":"b1h1cRkdxHGLghP8ScMPs2"},"_sizeMode":0},{"__type__":"6335b1/D2FE0ITs9WYrDaOe","node":{"__id__":13},"label":{"__id__":15}}],"_prefab":{"__type__":"cc.PrefabInfo","root":{"__id__":13},"asset":{"__uuid__":"43spsBMDxFCprJEsWsNCij"},"fileId":"f2ysnlLD9JNruNRHbZuMri"},"_color":{"__type__":"cc.Color","r":162,"g":146,"b":131},"_contentSize":{"__type__":"cc.Size","width":120,"height":120},"_trs":{"__type__":"TypedArray","ctor":"Float64Array","array":[70,210,0,0,0,0,1,1,1,1]}},{"__type__":"cc.Node","_name":"no","_parent":{"__id__":13},"_components":[{"__id__":15}],"_prefab":{"__type__":"cc.PrefabInfo","root":{"__id__":13},"asset":{"__uuid__":"43spsBMDxFCprJEsWsNCij"},"fileId":"6dkP7EOX9Ns5ApQwMtUk7d"},"_color":{"__type__":"cc.Color","r":71,"g":71,"b":58},"_contentSize":{"__type__":"cc.Size","height":50.4},"_trs":{"__type__":"TypedArray","ctor":"Float64Array","array":[0,0,0,0,0,0,1,1,1,1]}},{"__type__":"cc.Label","node":{"__id__":14},"_materials":[{"__uuid__":"ecpdLyjvZBwrvm+cedCcQy"}],"_useOriginalSize":false,"_N$horizontalAlign":1,"_N$verticalAlign":1},{"__type__":"cc.Node","_name":"cell copy","_parent":{"__id__":6},"_children":[{"__id__":17}],"_components":[{"__type__":"cc.Sprite","node":{"__id__":16},"_materials":[{"__uuid__":"ecpdLyjvZBwrvm+cedCcQy"}],"_spriteFrame":{"__uuid__":"b1h1cRkdxHGLghP8ScMPs2"},"_sizeMode":0},{"__type__":"6335b1/D2FE0ITs9WYrDaOe","node":{"__id__":16},"label":{"__id__":18}}],"_prefab":{"__type__":"cc.PrefabInfo","root":{"__id__":16},"asset":{"__uuid__":"43spsBMDxFCprJEsWsNCij"},"fileId":"f2ysnlLD9JNruNRHbZuMri"},"_color":{"__type__":"cc.Color","r":162,"g":146,"b":131},"_contentSize":{"__type__":"cc.Size","width":120,"height":120},"_trs":{"__type__":"TypedArray","ctor":"Float64Array","array":[210,210,0,0,0,0,1,1,1,1]}},{"__type__":"cc.Node","_name":"no","_parent":{"__id__":16},"_components":[{"__id__":18}],"_prefab":{"__type__":"cc.PrefabInfo","root":{"__id__":16},"asset":{"__uuid__":"43spsBMDxFCprJEsWsNCij"},"fileId":"6dkP7EOX9Ns5ApQwMtUk7d"},"_color":{"__type__":"cc.Color","r":71,"g":71,"b":58},"_contentSize":{"__type__":"cc.Size","height":50.4},"_trs":{"__type__":"TypedArray","ctor":"Float64Array","array":[0,0,0,0,0,0,1,1,1,1]}},{"__type__":"cc.Label","node":{"__id__":17},"_materials":[{"__uuid__":"ecpdLyjvZBwrvm+cedCcQy"}],"_useOriginalSize":false,"_N$horizontalAlign":1,"_N$verticalAlign":1},{"__type__":"cc.Node","_name":"cell copy","_parent":{"__id__":6},"_children":[{"__id__":20}],"_components":[{"__type__":"cc.Sprite","node":{"__id__":19},"_materials":[{"__uuid__":"ecpdLyjvZBwrvm+cedCcQy"}],"_spriteFrame":{"__uuid__":"b1h1cRkdxHGLghP8ScMPs2"},"_sizeMode":0},{"__type__":"6335b1/D2FE0ITs9WYrDaOe","node":{"__id__":19},"label":{"__id__":21}}],"_prefab":{"__type__":"cc.PrefabInfo","root":{"__id__":19},"asset":{"__uuid__":"43spsBMDxFCprJEsWsNCij"},"fileId":"f2ysnlLD9JNruNRHbZuMri"},"_color":{"__type__":"cc.Color","r":162,"g":146,"b":131},"_contentSize":{"__type__":"cc.Size","width":120,"height":120},"_trs":{"__type__":"TypedArray","ctor":"Float64Array","array":[-210,70,0,0,0,0,1,1,1,1]}},{"__type__":"cc.Node","_name":"no","_parent":{"__id__":19},"_components":[{"__id__":21}],"_prefab":{"__type__":"cc.PrefabInfo","root":{"__id__":19},"asset":{"__uuid__":"43spsBMDxFCprJEsWsNCij"},"fileId":"6dkP7EOX9Ns5ApQwMtUk7d"},"_color":{"__type__":"cc.Color","r":71,"g":71,"b":58},"_contentSize":{"__type__":"cc.Size","height":50.4},"_trs":{"__type__":"TypedArray","ctor":"Float64Array","array":[0,0,0,0,0,0,1,1,1,1]}},{"__type__":"cc.Label","node":{"__id__":20},"_materials":[{"__uuid__":"ecpdLyjvZBwrvm+cedCcQy"}],"_useOriginalSize":false,"_N$horizontalAlign":1,"_N$verticalAlign":1},{"__type__":"cc.Node","_name":"cell copy","_parent":{"__id__":6},"_children":[{"__id__":23}],"_components":[{"__type__":"cc.Sprite","node":{"__id__":22},"_materials":[{"__uuid__":"ecpdLyjvZBwrvm+cedCcQy"}],"_spriteFrame":{"__uuid__":"b1h1cRkdxHGLghP8ScMPs2"},"_sizeMode":0},{"__type__":"6335b1/D2FE0ITs9WYrDaOe","node":{"__id__":22},"label":{"__id__":24}}],"_prefab":{"__type__":"cc.PrefabInfo","root":{"__id__":22},"asset":{"__uuid__":"43spsBMDxFCprJEsWsNCij"},"fileId":"f2ysnlLD9JNruNRHbZuMri"},"_color":{"__type__":"cc.Color","r":162,"g":146,"b":131},"_contentSize":{"__type__":"cc.Size","width":120,"height":120},"_trs":{"__type__":"TypedArray","ctor":"Float64Array","array":[-70,70,0,0,0,0,1,1,1,1]}},{"__type__":"cc.Node","_name":"no","_parent":{"__id__":22},"_components":[{"__id__":24}],"_prefab":{"__type__":"cc.PrefabInfo","root":{"__id__":22},"asset":{"__uuid__":"43spsBMDxFCprJEsWsNCij"},"fileId":"6dkP7EOX9Ns5ApQwMtUk7d"},"_color":{"__type__":"cc.Color","r":71,"g":71,"b":58},"_contentSize":{"__type__":"cc.Size","height":50.4},"_trs":{"__type__":"TypedArray","ctor":"Float64Array","array":[0,0,0,0,0,0,1,1,1,1]}},{"__type__":"cc.Label","node":{"__id__":23},"_materials":[{"__uuid__":"ecpdLyjvZBwrvm+cedCcQy"}],"_useOriginalSize":false,"_N$horizontalAlign":1,"_N$verticalAlign":1},{"__type__":"cc.Node","_name":"cell copy","_parent":{"__id__":6},"_children":[{"__id__":26}],"_components":[{"__type__":"cc.Sprite","node":{"__id__":25},"_materials":[{"__uuid__":"ecpdLyjvZBwrvm+cedCcQy"}],"_spriteFrame":{"__uuid__":"b1h1cRkdxHGLghP8ScMPs2"},"_sizeMode":0},{"__type__":"6335b1/D2FE0ITs9WYrDaOe","node":{"__id__":25},"label":{"__id__":27}}],"_prefab":{"__type__":"cc.PrefabInfo","root":{"__id__":25},"asset":{"__uuid__":"43spsBMDxFCprJEsWsNCij"},"fileId":"f2ysnlLD9JNruNRHbZuMri"},"_color":{"__type__":"cc.Color","r":162,"g":146,"b":131},"_contentSize":{"__type__":"cc.Size","width":120,"height":120},"_trs":{"__type__":"TypedArray","ctor":"Float64Array","array":[70,70,0,0,0,0,1,1,1,1]}},{"__type__":"cc.Node","_name":"no","_parent":{"__id__":25},"_components":[{"__id__":27}],"_prefab":{"__type__":"cc.PrefabInfo","root":{"__id__":25},"asset":{"__uuid__":"43spsBMDxFCprJEsWsNCij"},"fileId":"6dkP7EOX9Ns5ApQwMtUk7d"},"_color":{"__type__":"cc.Color","r":71,"g":71,"b":58},"_contentSize":{"__type__":"cc.Size","height":50.4},"_trs":{"__type__":"TypedArray","ctor":"Float64Array","array":[0,0,0,0,0,0,1,1,1,1]}},{"__type__":"cc.Label","node":{"__id__":26},"_materials":[{"__uuid__":"ecpdLyjvZBwrvm+cedCcQy"}],"_useOriginalSize":false,"_N$horizontalAlign":1,"_N$verticalAlign":1},{"__type__":"cc.Node","_name":"cell copy","_parent":{"__id__":6},"_children":[{"__id__":29}],"_components":[{"__type__":"cc.Sprite","node":{"__id__":28},"_materials":[{"__uuid__":"ecpdLyjvZBwrvm+cedCcQy"}],"_spriteFrame":{"__uuid__":"b1h1cRkdxHGLghP8ScMPs2"},"_sizeMode":0},{"__type__":"6335b1/D2FE0ITs9WYrDaOe","node":{"__id__":28},"label":{"__id__":30}}],"_prefab":{"__type__":"cc.PrefabInfo","root":{"__id__":28},"asset":{"__uuid__":"43spsBMDxFCprJEsWsNCij"},"fileId":"f2ysnlLD9JNruNRHbZuMri"},"_color":{"__type__":"cc.Color","r":162,"g":146,"b":131},"_contentSize":{"__type__":"cc.Size","width":120,"height":120},"_trs":{"__type__":"TypedArray","ctor":"Float64Array","array":[210,70,0,0,0,0,1,1,1,1]}},{"__type__":"cc.Node","_name":"no","_parent":{"__id__":28},"_components":[{"__id__":30}],"_prefab":{"__type__":"cc.PrefabInfo","root":{"__id__":28},"asset":{"__uuid__":"43spsBMDxFCprJEsWsNCij"},"fileId":"6dkP7EOX9Ns5ApQwMtUk7d"},"_color":{"__type__":"cc.Color","r":71,"g":71,"b":58},"_contentSize":{"__type__":"cc.Size","height":50.4},"_trs":{"__type__":"TypedArray","ctor":"Float64Array","array":[0,0,0,0,0,0,1,1,1,1]}},{"__type__":"cc.Label","node":{"__id__":29},"_materials":[{"__uuid__":"ecpdLyjvZBwrvm+cedCcQy"}],"_useOriginalSize":false,"_N$horizontalAlign":1,"_N$verticalAlign":1},{"__type__":"cc.Node","_name":"cell copy","_parent":{"__id__":6},"_children":[{"__id__":32}],"_components":[{"__type__":"cc.Sprite","node":{"__id__":31},"_materials":[{"__uuid__":"ecpdLyjvZBwrvm+cedCcQy"}],"_spriteFrame":{"__uuid__":"b1h1cRkdxHGLghP8ScMPs2"},"_sizeMode":0},{"__type__":"6335b1/D2FE0ITs9WYrDaOe","node":{"__id__":31},"label":{"__id__":33}}],"_prefab":{"__type__":"cc.PrefabInfo","root":{"__id__":31},"asset":{"__uuid__":"43spsBMDxFCprJEsWsNCij"},"fileId":"f2ysnlLD9JNruNRHbZuMri"},"_color":{"__type__":"cc.Color","r":162,"g":146,"b":131},"_contentSize":{"__type__":"cc.Size","width":120,"height":120},"_trs":{"__type__":"TypedArray","ctor":"Float64Array","array":[-210,-70,0,0,0,0,1,1,1,1]}},{"__type__":"cc.Node","_name":"no","_parent":{"__id__":31},"_components":[{"__id__":33}],"_prefab":{"__type__":"cc.PrefabInfo","root":{"__id__":31},"asset":{"__uuid__":"43spsBMDxFCprJEsWsNCij"},"fileId":"6dkP7EOX9Ns5ApQwMtUk7d"},"_color":{"__type__":"cc.Color","r":71,"g":71,"b":58},"_contentSize":{"__type__":"cc.Size","height":50.4},"_trs":{"__type__":"TypedArray","ctor":"Float64Array","array":[0,0,0,0,0,0,1,1,1,1]}},{"__type__":"cc.Label","node":{"__id__":32},"_materials":[{"__uuid__":"ecpdLyjvZBwrvm+cedCcQy"}],"_useOriginalSize":false,"_N$horizontalAlign":1,"_N$verticalAlign":1},{"__type__":"cc.Node","_name":"cell copy","_parent":{"__id__":6},"_children":[{"__id__":35}],"_components":[{"__type__":"cc.Sprite","node":{"__id__":34},"_materials":[{"__uuid__":"ecpdLyjvZBwrvm+cedCcQy"}],"_spriteFrame":{"__uuid__":"b1h1cRkdxHGLghP8ScMPs2"},"_sizeMode":0},{"__type__":"6335b1/D2FE0ITs9WYrDaOe","node":{"__id__":34},"label":{"__id__":36}}],"_prefab":{"__type__":"cc.PrefabInfo","root":{"__id__":34},"asset":{"__uuid__":"43spsBMDxFCprJEsWsNCij"},"fileId":"f2ysnlLD9JNruNRHbZuMri"},"_color":{"__type__":"cc.Color","r":162,"g":146,"b":131},"_contentSize":{"__type__":"cc.Size","width":120,"height":120},"_trs":{"__type__":"TypedArray","ctor":"Float64Array","array":[-70,-70,0,0,0,0,1,1,1,1]}},{"__type__":"cc.Node","_name":"no","_parent":{"__id__":34},"_components":[{"__id__":36}],"_prefab":{"__type__":"cc.PrefabInfo","root":{"__id__":34},"asset":{"__uuid__":"43spsBMDxFCprJEsWsNCij"},"fileId":"6dkP7EOX9Ns5ApQwMtUk7d"},"_color":{"__type__":"cc.Color","r":71,"g":71,"b":58},"_contentSize":{"__type__":"cc.Size","height":50.4},"_trs":{"__type__":"TypedArray","ctor":"Float64Array","array":[0,0,0,0,0,0,1,1,1,1]}},{"__type__":"cc.Label","node":{"__id__":35},"_materials":[{"__uuid__":"ecpdLyjvZBwrvm+cedCcQy"}],"_useOriginalSize":false,"_N$horizontalAlign":1,"_N$verticalAlign":1},{"__type__":"cc.Node","_name":"cell copy","_parent":{"__id__":6},"_children":[{"__id__":38}],"_components":[{"__type__":"cc.Sprite","node":{"__id__":37},"_materials":[{"__uuid__":"ecpdLyjvZBwrvm+cedCcQy"}],"_spriteFrame":{"__uuid__":"b1h1cRkdxHGLghP8ScMPs2"},"_sizeMode":0},{"__type__":"6335b1/D2FE0ITs9WYrDaOe","node":{"__id__":37},"label":{"__id__":39}}],"_prefab":{"__type__":"cc.PrefabInfo","root":{"__id__":37},"asset":{"__uuid__":"43spsBMDxFCprJEsWsNCij"},"fileId":"f2ysnlLD9JNruNRHbZuMri"},"_color":{"__type__":"cc.Color","r":162,"g":146,"b":131},"_contentSize":{"__type__":"cc.Size","width":120,"height":120},"_trs":{"__type__":"TypedArray","ctor":"Float64Array","array":[70,-70,0,0,0,0,1,1,1,1]}},{"__type__":"cc.Node","_name":"no","_parent":{"__id__":37},"_components":[{"__id__":39}],"_prefab":{"__type__":"cc.PrefabInfo","root":{"__id__":37},"asset":{"__uuid__":"43spsBMDxFCprJEsWsNCij"},"fileId":"6dkP7EOX9Ns5ApQwMtUk7d"},"_color":{"__type__":"cc.Color","r":71,"g":71,"b":58},"_contentSize":{"__type__":"cc.Size","height":50.4},"_trs":{"__type__":"TypedArray","ctor":"Float64Array","array":[0,0,0,0,0,0,1,1,1,1]}},{"__type__":"cc.Label","node":{"__id__":38},"_materials":[{"__uuid__":"ecpdLyjvZBwrvm+cedCcQy"}],"_useOriginalSize":false,"_N$horizontalAlign":1,"_N$verticalAlign":1},{"__type__":"cc.Node","_name":"cell copy","_parent":{"__id__":6},"_children":[{"__id__":41}],"_components":[{"__type__":"cc.Sprite","node":{"__id__":40},"_materials":[{"__uuid__":"ecpdLyjvZBwrvm+cedCcQy"}],"_spriteFrame":{"__uuid__":"b1h1cRkdxHGLghP8ScMPs2"},"_sizeMode":0},{"__type__":"6335b1/D2FE0ITs9WYrDaOe","node":{"__id__":40},"label":{"__id__":42}}],"_prefab":{"__type__":"cc.PrefabInfo","root":{"__id__":40},"asset":{"__uuid__":"43spsBMDxFCprJEsWsNCij"},"fileId":"f2ysnlLD9JNruNRHbZuMri"},"_color":{"__type__":"cc.Color","r":162,"g":146,"b":131},"_contentSize":{"__type__":"cc.Size","width":120,"height":120},"_trs":{"__type__":"TypedArray","ctor":"Float64Array","array":[210,-70,0,0,0,0,1,1,1,1]}},{"__type__":"cc.Node","_name":"no","_parent":{"__id__":40},"_components":[{"__id__":42}],"_prefab":{"__type__":"cc.PrefabInfo","root":{"__id__":40},"asset":{"__uuid__":"43spsBMDxFCprJEsWsNCij"},"fileId":"6dkP7EOX9Ns5ApQwMtUk7d"},"_color":{"__type__":"cc.Color","r":71,"g":71,"b":58},"_contentSize":{"__type__":"cc.Size","height":50.4},"_trs":{"__type__":"TypedArray","ctor":"Float64Array","array":[0,0,0,0,0,0,1,1,1,1]}},{"__type__":"cc.Label","node":{"__id__":41},"_materials":[{"__uuid__":"ecpdLyjvZBwrvm+cedCcQy"}],"_useOriginalSize":false,"_N$horizontalAlign":1,"_N$verticalAlign":1},{"__type__":"cc.Node","_name":"cell copy","_parent":{"__id__":6},"_children":[{"__id__":44}],"_components":[{"__type__":"cc.Sprite","node":{"__id__":43},"_materials":[{"__uuid__":"ecpdLyjvZBwrvm+cedCcQy"}],"_spriteFrame":{"__uuid__":"b1h1cRkdxHGLghP8ScMPs2"},"_sizeMode":0},{"__type__":"6335b1/D2FE0ITs9WYrDaOe","node":{"__id__":43},"label":{"__id__":45}}],"_prefab":{"__type__":"cc.PrefabInfo","root":{"__id__":43},"asset":{"__uuid__":"43spsBMDxFCprJEsWsNCij"},"fileId":"f2ysnlLD9JNruNRHbZuMri"},"_color":{"__type__":"cc.Color","r":162,"g":146,"b":131},"_contentSize":{"__type__":"cc.Size","width":120,"height":120},"_trs":{"__type__":"TypedArray","ctor":"Float64Array","array":[-210,-210,0,0,0,0,1,1,1,1]}},{"__type__":"cc.Node","_name":"no","_parent":{"__id__":43},"_components":[{"__id__":45}],"_prefab":{"__type__":"cc.PrefabInfo","root":{"__id__":43},"asset":{"__uuid__":"43spsBMDxFCprJEsWsNCij"},"fileId":"6dkP7EOX9Ns5ApQwMtUk7d"},"_color":{"__type__":"cc.Color","r":71,"g":71,"b":58},"_contentSize":{"__type__":"cc.Size","height":50.4},"_trs":{"__type__":"TypedArray","ctor":"Float64Array","array":[0,0,0,0,0,0,1,1,1,1]}},{"__type__":"cc.Label","node":{"__id__":44},"_materials":[{"__uuid__":"ecpdLyjvZBwrvm+cedCcQy"}],"_useOriginalSize":false,"_N$horizontalAlign":1,"_N$verticalAlign":1},{"__type__":"cc.Node","_name":"cell copy","_parent":{"__id__":6},"_children":[{"__id__":47}],"_components":[{"__type__":"cc.Sprite","node":{"__id__":46},"_materials":[{"__uuid__":"ecpdLyjvZBwrvm+cedCcQy"}],"_spriteFrame":{"__uuid__":"b1h1cRkdxHGLghP8ScMPs2"},"_sizeMode":0},{"__type__":"6335b1/D2FE0ITs9WYrDaOe","node":{"__id__":46},"label":{"__id__":48}}],"_prefab":{"__type__":"cc.PrefabInfo","root":{"__id__":46},"asset":{"__uuid__":"43spsBMDxFCprJEsWsNCij"},"fileId":"f2ysnlLD9JNruNRHbZuMri"},"_color":{"__type__":"cc.Color","r":162,"g":146,"b":131},"_contentSize":{"__type__":"cc.Size","width":120,"height":120},"_trs":{"__type__":"TypedArray","ctor":"Float64Array","array":[-70,-210,0,0,0,0,1,1,1,1]}},{"__type__":"cc.Node","_name":"no","_parent":{"__id__":46},"_components":[{"__id__":48}],"_prefab":{"__type__":"cc.PrefabInfo","root":{"__id__":46},"asset":{"__uuid__":"43spsBMDxFCprJEsWsNCij"},"fileId":"6dkP7EOX9Ns5ApQwMtUk7d"},"_color":{"__type__":"cc.Color","r":71,"g":71,"b":58},"_contentSize":{"__type__":"cc.Size","height":50.4},"_trs":{"__type__":"TypedArray","ctor":"Float64Array","array":[0,0,0,0,0,0,1,1,1,1]}},{"__type__":"cc.Label","node":{"__id__":47},"_materials":[{"__uuid__":"ecpdLyjvZBwrvm+cedCcQy"}],"_useOriginalSize":false,"_N$horizontalAlign":1,"_N$verticalAlign":1},{"__type__":"cc.Node","_name":"cell copy","_parent":{"__id__":6},"_children":[{"__id__":50}],"_components":[{"__type__":"cc.Sprite","node":{"__id__":49},"_materials":[{"__uuid__":"ecpdLyjvZBwrvm+cedCcQy"}],"_spriteFrame":{"__uuid__":"b1h1cRkdxHGLghP8ScMPs2"},"_sizeMode":0},{"__type__":"6335b1/D2FE0ITs9WYrDaOe","node":{"__id__":49},"label":{"__id__":51}}],"_prefab":{"__type__":"cc.PrefabInfo","root":{"__id__":49},"asset":{"__uuid__":"43spsBMDxFCprJEsWsNCij"},"fileId":"f2ysnlLD9JNruNRHbZuMri"},"_color":{"__type__":"cc.Color","r":162,"g":146,"b":131},"_contentSize":{"__type__":"cc.Size","width":120,"height":120},"_trs":{"__type__":"TypedArray","ctor":"Float64Array","array":[70,-210,0,0,0,0,1,1,1,1]}},{"__type__":"cc.Node","_name":"no","_parent":{"__id__":49},"_components":[{"__id__":51}],"_prefab":{"__type__":"cc.PrefabInfo","root":{"__id__":49},"asset":{"__uuid__":"43spsBMDxFCprJEsWsNCij"},"fileId":"6dkP7EOX9Ns5ApQwMtUk7d"},"_color":{"__type__":"cc.Color","r":71,"g":71,"b":58},"_contentSize":{"__type__":"cc.Size","height":50.4},"_trs":{"__type__":"TypedArray","ctor":"Float64Array","array":[0,0,0,0,0,0,1,1,1,1]}},{"__type__":"cc.Label","node":{"__id__":50},"_materials":[{"__uuid__":"ecpdLyjvZBwrvm+cedCcQy"}],"_useOriginalSize":false,"_N$horizontalAlign":1,"_N$verticalAlign":1},{"__type__":"cc.Node","_name":"cell copy","_parent":{"__id__":6},"_children":[{"__id__":53}],"_components":[{"__type__":"cc.Sprite","node":{"__id__":52},"_materials":[{"__uuid__":"ecpdLyjvZBwrvm+cedCcQy"}],"_spriteFrame":{"__uuid__":"b1h1cRkdxHGLghP8ScMPs2"},"_sizeMode":0},{"__type__":"6335b1/D2FE0ITs9WYrDaOe","node":{"__id__":52},"label":{"__id__":54}}],"_prefab":{"__type__":"cc.PrefabInfo","root":{"__id__":52},"asset":{"__uuid__":"43spsBMDxFCprJEsWsNCij"},"fileId":"f2ysnlLD9JNruNRHbZuMri"},"_color":{"__type__":"cc.Color","r":162,"g":146,"b":131},"_contentSize":{"__type__":"cc.Size","width":120,"height":120},"_trs":{"__type__":"TypedArray","ctor":"Float64Array","array":[210,-210,0,0,0,0,1,1,1,1]}},{"__type__":"cc.Node","_name":"no","_parent":{"__id__":52},"_components":[{"__id__":54}],"_prefab":{"__type__":"cc.PrefabInfo","root":{"__id__":52},"asset":{"__uuid__":"43spsBMDxFCprJEsWsNCij"},"fileId":"6dkP7EOX9Ns5ApQwMtUk7d"},"_color":{"__type__":"cc.Color","r":71,"g":71,"b":58},"_contentSize":{"__type__":"cc.Size","height":50.4},"_trs":{"__type__":"TypedArray","ctor":"Float64Array","array":[0,0,0,0,0,0,1,1,1,1]}},{"__type__":"cc.Label","node":{"__id__":53},"_materials":[{"__uuid__":"ecpdLyjvZBwrvm+cedCcQy"}],"_useOriginalSize":false,"_N$horizontalAlign":1,"_N$verticalAlign":1},{"__type__":"3576dZDDp5Nm7wC4Q4QRLD0","node":{"__id__":56},"score":{"__id__":57},"highScore":{"__id__":64},"boardCmp":{"__id__":5},"masterPopup":{"__id__":67}},{"__type__":"cc.Node","_name":"gameController","_parent":{"__id__":2},"_components":[{"__id__":55},{"__type__":"cc.Widget","node":{"__id__":56},"_alignFlags":45}],"_contentSize":{"__type__":"cc.Size","width":768,"height":1366},"_trs":{"__type__":"TypedArray","ctor":"Float64Array","array":[0,0,0,0,0,0,1,1,1,1]}},{"__type__":"cc.Label","node":{"__id__":58},"_materials":[{"__uuid__":"ecpdLyjvZBwrvm+cedCcQy"}],"_useOriginalSize":false,"_string":"0","_N$string":"0","_N$horizontalAlign":1,"_N$overflow":3},{"__type__":"cc.Node","_name":"no","_parent":{"__id__":59},"_components":[{"__id__":57}],"_prefab":{"__type__":"cc.PrefabInfo","root":{"__id__":59},"asset":{"__uuid__":"43spsBMDxFCprJEsWsNCij"},"fileId":"07QbuUCrRHcZHIxMxZZDn1"},"_contentSize":{"__type__":"cc.Size","width":180,"height":50.4},"_anchorPoint":{"__type__":"cc.Vec2","x":0.5,"y":1},"_trs":{"__type__":"TypedArray","ctor":"Float64Array","array":[0,0,0,0,0,0,1,1,1,1]}},{"__type__":"cc.Node","_name":"score","_parent":{"__id__":60},"_children":[{"__id__":66},{"__id__":58}],"_components":[{"__type__":"cc.Sprite","node":{"__id__":59},"_materials":[{"__uuid__":"ecpdLyjvZBwrvm+cedCcQy"}],"_spriteFrame":{"__uuid__":"b1h1cRkdxHGLghP8ScMPs2"},"_type":1,"_sizeMode":0},{"__type__":"6335b1/D2FE0ITs9WYrDaOe","node":{"__id__":59},"label":null}],"_prefab":{"__type__":"cc.PrefabInfo","root":{"__id__":59},"asset":{"__uuid__":"43spsBMDxFCprJEsWsNCij"},"fileId":"f2ysnlLD9JNruNRHbZuMri"},"_color":{"__type__":"cc.Color","r":162,"g":146,"b":131},"_contentSize":{"__type__":"cc.Size","width":200,"height":120},"_trs":{"__type__":"TypedArray","ctor":"Float64Array","array":[-115,0,0,0,0,0,1,1,1,1]}},{"__type__":"cc.Node","_name":"score","_parent":{"__id__":61},"_children":[{"__id__":62},{"__id__":59}],"_components":[{"__type__":"cc.Layout","node":{"__id__":60},"_layoutSize":{"__type__":"cc.Size","width":470,"height":200},"_resize":1,"_N$layoutType":1,"_N$paddingLeft":20,"_N$paddingRight":20,"_N$spacingX":30,"_N$horizontalDirection":1}],"_contentSize":{"__type__":"cc.Size","width":470,"height":200},"_trs":{"__type__":"TypedArray","ctor":"Float64Array","array":[0,0,0,0,0,0,1,1,1,1]}},{"__type__":"cc.Node","_name":"hub","_parent":{"__id__":2},"_children":[{"__id__":60}],"_components":[{"__type__":"cc.Widget","node":{"__id__":61},"_alignFlags":40}],"_contentSize":{"__type__":"cc.Size","width":768},"_trs":{"__type__":"TypedArray","ctor":"Float64Array","array":[0,521,0,0,0,0,1,1,1,1]}},{"__type__":"cc.Node","_name":"best","_parent":{"__id__":60},"_children":[{"__id__":63},{"__id__":65}],"_components":[{"__type__":"cc.Sprite","node":{"__id__":62},"_materials":[{"__uuid__":"ecpdLyjvZBwrvm+cedCcQy"}],"_spriteFrame":{"__uuid__":"b1h1cRkdxHGLghP8ScMPs2"},"_type":1,"_sizeMode":0},{"__type__":"6335b1/D2FE0ITs9WYrDaOe","node":{"__id__":62},"label":{"__id__":64}}],"_prefab":{"__type__":"cc.PrefabInfo","root":{"__id__":62},"asset":{"__uuid__":"43spsBMDxFCprJEsWsNCij"},"fileId":"f2ysnlLD9JNruNRHbZuMri"},"_color":{"__type__":"cc.Color","r":162,"g":146,"b":131},"_contentSize":{"__type__":"cc.Size","width":200,"height":120},"_trs":{"__type__":"TypedArray","ctor":"Float64Array","array":[115,0,0,0,0,0,1,1,1,1]}},{"__type__":"cc.Node","_name":"no","_parent":{"__id__":62},"_components":[{"__id__":64}],"_prefab":{"__type__":"cc.PrefabInfo","root":{"__id__":62},"asset":{"__uuid__":"43spsBMDxFCprJEsWsNCij"},"fileId":"6dkP7EOX9Ns5ApQwMtUk7d"},"_contentSize":{"__type__":"cc.Size","width":180,"height":50.4},"_anchorPoint":{"__type__":"cc.Vec2","x":0.5,"y":1},"_trs":{"__type__":"TypedArray","ctor":"Float64Array","array":[0,0,0,0,0,0,1,1,1,1]}},{"__type__":"cc.Label","node":{"__id__":63},"_materials":[{"__uuid__":"ecpdLyjvZBwrvm+cedCcQy"}],"_useOriginalSize":false,"_string":"0","_N$string":"0","_N$horizontalAlign":1,"_N$overflow":3},{"__type__":"cc.Node","_name":"label","_parent":{"__id__":62},"_components":[{"__type__":"cc.Label","node":{"__id__":65},"_materials":[{"__uuid__":"ecpdLyjvZBwrvm+cedCcQy"}],"_useOriginalSize":false,"_string":"Best ","_N$string":"Best ","_N$horizontalAlign":1,"_N$verticalAlign":1}],"_prefab":{"__type__":"cc.PrefabInfo","root":{"__id__":62},"asset":{"__uuid__":"43spsBMDxFCprJEsWsNCij"},"fileId":"90TuBWwA9FFZV3dQiZZ4n4"},"_color":{"__type__":"cc.Color","r":65,"g":56,"b":49},"_contentSize":{"__type__":"cc.Size","width":91.15,"height":50.4},"_trs":{"__type__":"TypedArray","ctor":"Float64Array","array":[0,35,0,0,0,0,1,1,1,1]}},{"__type__":"cc.Node","_name":"label","_parent":{"__id__":59},"_components":[{"__type__":"cc.Label","node":{"__id__":66},"_materials":[{"__uuid__":"ecpdLyjvZBwrvm+cedCcQy"}],"_useOriginalSize":false,"_string":"Score","_N$string":"Score","_N$horizontalAlign":1,"_N$verticalAlign":1}],"_prefab":{"__type__":"cc.PrefabInfo","root":{"__id__":59},"asset":{"__uuid__":"43spsBMDxFCprJEsWsNCij"},"fileId":"97OdVz1r5ECZ+QAsufFEzw"},"_color":{"__type__":"cc.Color","r":65,"g":56,"b":49},"_contentSize":{"__type__":"cc.Size","width":104.49,"height":50.4},"_trs":{"__type__":"TypedArray","ctor":"Float64Array","array":[0,35,0,0,0,0,1,1,1,1]}},{"__type__":"96e05R42klJeImx7t2IPIg2","node":{"__id__":68}},{"__type__":"cc.Node","_name":"popups","_parent":{"__id__":2},"_children":[{"__id__":69},{"__id__":70}],"_components":[{"__type__":"cc.Widget","node":{"__id__":68},"_alignFlags":45},{"__id__":67}],"_contentSize":{"__type__":"cc.Size","width":768,"height":1366},"_trs":{"__type__":"TypedArray","ctor":"Float64Array","array":[0,0,0,0,0,0,1,1,1,1]}},{"__type__":"cc.Node","_parent":{"__id__":68},"_id":"3bsG6eYL1Gybmb/gkwu8Yf","_prefab":{"__type__":"cc.PrefabInfo","root":{"__id__":69},"asset":{"__uuid__":"58OtjFOd9JpbN/Qgn3qklE"},"fileId":"3bsG6eYL1Gybmb/gkwu8Yf","sync":true},"_name":"GameOver","_trs":{"__type__":"TypedArray","ctor":"Float64Array","array":[0,0,0,0,0,0,1,1,1,1]}},{"__type__":"cc.Node","_name":"GameWon","_parent":{"__id__":68},"_children":[{"__id__":71},{"__id__":72}],"_components":[{"__type__":"cc.Widget","node":{"__id__":70},"_alignFlags":45},{"__type__":"a4372qk33VNuIluDIaCu1XO","node":{"__id__":70},"container":{"__id__":72},"hideOnTouch":true},{"__type__":"cc.BlockInputEvents","node":{"__id__":70}}],"_prefab":{"__type__":"cc.PrefabInfo","root":{"__id__":70},"asset":{"__uuid__":"58OtjFOd9JpbN/Qgn3qklE"},"fileId":"3bsG6eYL1Gybmb/gkwu8Yf"},"_contentSize":{"__type__":"cc.Size","width":768,"height":1366},"_trs":{"__type__":"TypedArray","ctor":"Float64Array","array":[0,0,0,0,0,0,1,1,1,1]}},{"__type__":"cc.Node","_name":"shadow","_parent":{"__id__":70},"_components":[{"__type__":"cc.Widget","node":{"__id__":71},"_alignFlags":45},{"__type__":"cc.Sprite","_name":"shadow<Sprite>","node":{"__id__":71},"_materials":[{"__uuid__":"ecpdLyjvZBwrvm+cedCcQy"}],"_spriteFrame":{"__uuid__":"a2MjXRFdtLlYQ5ouAFv/+R"},"_sizeMode":0}],"_prefab":{"__type__":"cc.PrefabInfo","root":{"__id__":70},"asset":{"__uuid__":"58OtjFOd9JpbN/Qgn3qklE"},"fileId":"2e1dHZuntNpZC6BMiD0myC"},"_opacity":90,"_color":{"__type__":"cc.Color"},"_contentSize":{"__type__":"cc.Size","width":768,"height":1366},"_trs":{"__type__":"TypedArray","ctor":"Float64Array","array":[0,0,0,0,0,0,1,1,1,1]}},{"__type__":"cc.Node","_name":"container","_parent":{"__id__":70},"_children":[{"__id__":73},{"__id__":74}],"_prefab":{"__type__":"cc.PrefabInfo","root":{"__id__":70},"asset":{"__uuid__":"58OtjFOd9JpbN/Qgn3qklE"},"fileId":"75LUNCXSNDaataFaUCqmHg"},"_trs":{"__type__":"TypedArray","ctor":"Float64Array","array":[0,0,0,0,0,0,1,1,1,1]}},{"__type__":"cc.Node","_name":"New Label","_parent":{"__id__":72},"_components":[{"__type__":"cc.Label","_name":"New Label<Label>","node":{"__id__":73},"_materials":[{"__uuid__":"ecpdLyjvZBwrvm+cedCcQy"}],"_useOriginalSize":false,"_string":"~~ Congratulation ~~","_N$string":"~~ Congratulation ~~","_fontSize":60,"_lineHeight":60,"_styleFlags":3,"_N$horizontalAlign":1,"_N$verticalAlign":1}],"_prefab":{"__type__":"cc.PrefabInfo","root":{"__id__":70},"asset":{"__uuid__":"58OtjFOd9JpbN/Qgn3qklE"},"fileId":"f7oz5Od6ZFJoxt+rpco1JE"},"_color":{"__type__":"cc.Color"},"_contentSize":{"__type__":"cc.Size","width":612.8733936851934,"height":75.6},"_trs":{"__type__":"TypedArray","ctor":"Float64Array","array":[0,0,0,0,0,0,1,1,1,1]}},{"__type__":"cc.Node","_name":"New Label copy","_parent":{"__id__":72},"_components":[{"__type__":"cc.Label","_name":"New Label copy<Label>","node":{"__id__":74},"_materials":[{"__uuid__":"ecpdLyjvZBwrvm+cedCcQy"}],"_useOriginalSize":false,"_string":"~~ Congratulation ~~","_N$string":"~~ Congratulation ~~","_fontSize":60,"_lineHeight":60,"_styleFlags":3,"_N$horizontalAlign":1,"_N$verticalAlign":1}],"_prefab":{"__type__":"cc.PrefabInfo","root":{"__id__":70},"asset":{"__uuid__":"58OtjFOd9JpbN/Qgn3qklE"},"fileId":"5bBqAsZddNgYjO5kW8omIt"},"_color":{"__type__":"cc.Color","r":201,"g":219,"b":105},"_contentSize":{"__type__":"cc.Size","width":612.8733936851934,"height":75.6},"_trs":{"__type__":"TypedArray","ctor":"Float64Array","array":[4.9,2.734,0,0,0,0,1,1,1,1]}},{"__type__":"cc.Node","_name":"buttons","_parent":{"__id__":2},"_children":[{"__id__":76}],"_trs":{"__type__":"TypedArray","ctor":"Float64Array","array":[0,357,0,0,0,0,1,1,1,1]}},{"__type__":"cc.Node","_name":"newgame","_parent":{"__id__":75},"_children":[{"__id__":77}],"_components":[{"__type__":"cc.Button","node":{"__id__":76},"_normalMaterial":{"__uuid__":"ecpdLyjvZBwrvm+cedCcQy"},"clickEvents":[{"__type__":"cc.ClickEvent","target":{"__id__":56},"_componentId":"3576dZDDp5Nm7wC4Q4QRLD0","handler":"NewGame","customEventData":"true"}],"_N$transition":1,"transition":1,"_N$normalColor":{"__type__":"cc.Color","r":162,"g":146,"b":131},"_N$pressedColor":{"__type__":"cc.Color","r":126,"g":112,"b":99},"pressedColor":{"__type__":"cc.Color","r":126,"g":112,"b":99},"_N$hoverColor":{"__type__":"cc.Color","r":162,"g":146,"b":131},"hoverColor":{"__type__":"cc.Color","r":162,"g":146,"b":131},"_N$disabledColor":{"__type__":"cc.Color","r":120,"g":120,"b":120,"a":200},"_N$normalSprite":{"__uuid__":"b1h1cRkdxHGLghP8ScMPs2"},"_N$hoverSprite":{"__uuid__":"f0BIwQ8D5Ml7nTNQbh1YlS"},"hoverSprite":{"__uuid__":"f0BIwQ8D5Ml7nTNQbh1YlS"},"_N$disabledSprite":{"__uuid__":"29FYIk+N1GYaeWH/q1NxQO"},"_N$target":{"__id__":77}}],"_color":{"__type__":"cc.Color","r":162,"g":146,"b":131},"_contentSize":{"__type__":"cc.Size","width":200,"height":80},"_trs":{"__type__":"TypedArray","ctor":"Float64Array","array":[0,-86.251,0,0,0,0,1,1,1,1]}},{"__type__":"cc.Node","_name":"Background","_parent":{"__id__":76},"_children":[{"__id__":78},{"__id__":79}],"_components":[{"__type__":"cc.Sprite","node":{"__id__":77},"_materials":[{"__uuid__":"ecpdLyjvZBwrvm+cedCcQy"}],"_spriteFrame":{"__uuid__":"b1h1cRkdxHGLghP8ScMPs2"},"_type":1,"_sizeMode":0},{"__type__":"cc.Widget","node":{"__id__":77},"alignMode":0,"_alignFlags":45,"_originalWidth":100,"_originalHeight":40}],"_color":{"__type__":"cc.Color","r":162,"g":146,"b":131},"_contentSize":{"__type__":"cc.Size","width":200,"height":80},"_trs":{"__type__":"TypedArray","ctor":"Float64Array","array":[0,0,0,0,0,0,1,1,1,1]}},{"__type__":"cc.Node","_name":"Label","_parent":{"__id__":77},"_components":[{"__type__":"cc.Label","node":{"__id__":78},"_materials":[{"__uuid__":"ecpdLyjvZBwrvm+cedCcQy"}],"_useOriginalSize":false,"_string":"New Game","_N$string":"New Game","_fontSize":30,"_enableWrapText":false,"_styleFlags":1,"_N$horizontalAlign":1,"_N$verticalAlign":1,"_N$cacheMode":1}],"_contentSize":{"__type__":"cc.Size","width":153.4,"height":50.4},"_trs":{"__type__":"TypedArray","ctor":"Float64Array","array":[0,0,0,0,0,0,1,1,1,1]}},{"__type__":"cc.Node","_name":"Label copy","_parent":{"__id__":77},"_components":[{"__type__":"cc.Label","node":{"__id__":79},"_materials":[{"__uuid__":"ecpdLyjvZBwrvm+cedCcQy"}],"_useOriginalSize":false,"_string":"New Game","_N$string":"New Game","_fontSize":30,"_enableWrapText":false,"_styleFlags":1,"_N$horizontalAlign":1,"_N$verticalAlign":1,"_N$cacheMode":1}],"_color":{"__type__":"cc.Color","r":65,"g":56,"b":49},"_contentSize":{"__type__":"cc.Size","width":153.4,"height":50.4},"_trs":{"__type__":"TypedArray","ctor":"Float64Array","array":[0.584,0.585,0,0,0,0,1,1,1,1]}}],{"__type__":"cc.SpriteFrame","content":{"name":"default_btn_disabled","texture":"71VhFCTINJM6/Ky3oX9nBT","rect":[0,0,40,40],"offset":[0,0],"originalSize":[40,40],"capInsets":[12,12,12,12]}},[{"__type__":"cc.Prefab","_name":"cell","data":{"__id__":1}},{"__type__":"cc.Node","_name":"cell","_children":[{"__id__":2}],"_components":[{"__type__":"cc.Sprite","node":{"__id__":1},"_materials":[{"__uuid__":"ecpdLyjvZBwrvm+cedCcQy"}],"_spriteFrame":{"__uuid__":"b1h1cRkdxHGLghP8ScMPs2"},"_sizeMode":0},{"__type__":"6335b1/D2FE0ITs9WYrDaOe","node":{"__id__":1},"label":{"__id__":3}}],"_prefab":{"__type__":"cc.PrefabInfo","root":{"__id__":1},"asset":{"__uuid__":"43spsBMDxFCprJEsWsNCij"},"fileId":"f2ysnlLD9JNruNRHbZuMri"},"_color":{"__type__":"cc.Color","r":162,"g":146,"b":131},"_contentSize":{"__type__":"cc.Size","width":120,"height":120},"_trs":{"__type__":"TypedArray","ctor":"Float64Array","array":[-173,177,0,0,0,0,1,1,1,1]}},{"__type__":"cc.Node","_name":"no","_parent":{"__id__":1},"_components":[{"__id__":3}],"_prefab":{"__type__":"cc.PrefabInfo","root":{"__id__":1},"asset":{"__uuid__":"43spsBMDxFCprJEsWsNCij"},"fileId":"6dkP7EOX9Ns5ApQwMtUk7d"},"_color":{"__type__":"cc.Color","r":71,"g":71,"b":58},"_contentSize":{"__type__":"cc.Size","width":88.98,"height":50.4},"_trs":{"__type__":"TypedArray","ctor":"Float64Array","array":[0,0,0,0,0,0,1,1,1,1]}},{"__type__":"cc.Label","node":{"__id__":2},"_materials":[{"__uuid__":"ecpdLyjvZBwrvm+cedCcQy"}],"_useOriginalSize":false,"_N$horizontalAlign":1,"_N$verticalAlign":1}],[{"__type__":"cc.Prefab","_name":"GameOver","data":{"__id__":1}},{"__type__":"cc.Node","_name":"GameOver","_children":[{"__id__":2},{"__id__":3}],"_components":[{"__type__":"cc.Widget","node":{"__id__":1},"_alignFlags":45},{"__type__":"a4372qk33VNuIluDIaCu1XO","node":{"__id__":1},"container":{"__id__":3},"hideOnTouch":true},{"__type__":"cc.BlockInputEvents","node":{"__id__":1}}],"_prefab":{"__type__":"cc.PrefabInfo","root":{"__id__":1},"asset":{"__uuid__":"58OtjFOd9JpbN/Qgn3qklE"},"fileId":"3bsG6eYL1Gybmb/gkwu8Yf"},"_opacity":0,"_contentSize":{"__type__":"cc.Size","width":768,"height":1366},"_trs":{"__type__":"TypedArray","ctor":"Float64Array","array":[0,0,0,0,0,0,1,1,1,1]}},{"__type__":"cc.Node","_name":"shadow","_parent":{"__id__":1},"_components":[{"__type__":"cc.Widget","node":{"__id__":2},"_alignFlags":45},{"__type__":"cc.Sprite","_name":"shadow<Sprite>","node":{"__id__":2},"_materials":[{"__uuid__":"ecpdLyjvZBwrvm+cedCcQy"}],"_spriteFrame":{"__uuid__":"a2MjXRFdtLlYQ5ouAFv/+R"},"_sizeMode":0}],"_prefab":{"__type__":"cc.PrefabInfo","root":{"__id__":1},"asset":{"__uuid__":"58OtjFOd9JpbN/Qgn3qklE"},"fileId":"2e1dHZuntNpZC6BMiD0myC"},"_opacity":90,"_color":{"__type__":"cc.Color"},"_contentSize":{"__type__":"cc.Size","width":768,"height":1366},"_trs":{"__type__":"TypedArray","ctor":"Float64Array","array":[0,0,0,0,0,0,1,1,1,1]}},{"__type__":"cc.Node","_name":"container","_parent":{"__id__":1},"_children":[{"__id__":4},{"__id__":5}],"_prefab":{"__type__":"cc.PrefabInfo","root":{"__id__":1},"asset":{"__uuid__":"58OtjFOd9JpbN/Qgn3qklE"},"fileId":"75LUNCXSNDaataFaUCqmHg"},"_trs":{"__type__":"TypedArray","ctor":"Float64Array","array":[0,0,0,0,0,0,1,1,1,1]}},{"__type__":"cc.Node","_name":"New Label","_parent":{"__id__":3},"_components":[{"__type__":"cc.Label","_name":"New Label<Label>","node":{"__id__":4},"_materials":[{"__uuid__":"ecpdLyjvZBwrvm+cedCcQy"}],"_useOriginalSize":false,"_string":"~~Game Over~~","_N$string":"~~Game Over~~","_fontSize":60,"_lineHeight":60,"_styleFlags":3,"_N$horizontalAlign":1,"_N$verticalAlign":1}],"_prefab":{"__type__":"cc.PrefabInfo","root":{"__id__":1},"asset":{"__uuid__":"58OtjFOd9JpbN/Qgn3qklE"},"fileId":"f7oz5Od6ZFJoxt+rpco1JE"},"_color":{"__type__":"cc.Color"},"_contentSize":{"__type__":"cc.Size","width":473.0933936851934,"height":75.6},"_trs":{"__type__":"TypedArray","ctor":"Float64Array","array":[0,0,0,0,0,0,1,1,1,1]}},{"__type__":"cc.Node","_name":"New Label copy","_parent":{"__id__":3},"_components":[{"__type__":"cc.Label","_name":"New Label copy<Label>","node":{"__id__":5},"_materials":[{"__uuid__":"ecpdLyjvZBwrvm+cedCcQy"}],"_useOriginalSize":false,"_string":"~~Game Over~~","_N$string":"~~Game Over~~","_fontSize":60,"_lineHeight":60,"_styleFlags":3,"_N$horizontalAlign":1,"_N$verticalAlign":1}],"_prefab":{"__type__":"cc.PrefabInfo","root":{"__id__":1},"asset":{"__uuid__":"58OtjFOd9JpbN/Qgn3qklE"},"fileId":"5bBqAsZddNgYjO5kW8omIt"},"_color":{"__type__":"cc.Color","r":201,"g":219,"b":105},"_contentSize":{"__type__":"cc.Size","width":473.0933936851934,"height":75.6},"_trs":{"__type__":"TypedArray","ctor":"Float64Array","array":[4.9,0,0,0,0,0,1,1,1,1]}}],{"__type__":"cc.SpriteFrame","content":{"name":"default_sprite_splash","texture":"02delMVqdBD70a/HSD99FK","rect":[0,0,2,2],"offset":[0,0],"originalSize":[2,2],"capInsets":[0,0,0,0]}},{"__type__":"cc.SpriteFrame","content":{"name":"cell","texture":"7eo+rMbdVKDKvdCntdn7MX","rect":[0,0,300,300],"offset":[0,0],"originalSize":[300,300],"capInsets":[22,23,20,23]}},{"__type__":"cc.SpriteFrame","content":{"name":"board","texture":"aealgCyqxLk53/u8XKqH2q","rect":[0,0,1200,1200],"offset":[0,0],"originalSize":[1200,1200],"capInsets":[0,0,0,0]}},{"__type__":"cc.SpriteFrame","content":{"name":"default_btn_normal","texture":"e8Ueib+qJEhL6mXAHdnwbi","rect":[0,0,40,40],"offset":[0,0],"originalSize":[40,40],"capInsets":[12,12,12,12]}}]